Rank,A check,Ã©quipe,Flag,ID,Auto: derniÃ¨re MAJ,state,az,ae,1st match,1,rnd1,V/D,Date-2,2,rnd2,V/D,Date-4,3,rnd3,V/D,Date-6,4,rnd4,V/D,Date-8,5,rnd5,V/D,Date-10,6,rnd6,V/D,Date-12,7,rnd7,V/D,Date-14,8,rnd8,V/D,Date D-16,9,rnd9,V/D,Date D-18,10,rnd10,V/D,Date D-20,11,rnd11,V/D,Date D-22,12,rnd12,V/D,Date D-24,13,rnd13,V/D,Date D-26,14,rnd14,V/D,Date D-28,15,rnd15,V/D,Date D-30,16,rnd16,V/D,,,,,,,,,,,,,,,,,,,,,,,,,,,,,,,trophÃ©es,Victoire / dÃ©faite,Date archivÃ©e,horaire J-2,trophÃ©es,Victoire / dÃ©faite
75,3,ğŸ‡¦ğŸ‡¹ RATz ğŸ‡¦ğŸ‡¹,ğŸ‡¦ğŸ‡¹,1,0,,,,03/07/2023,3â€¯790,3790,V,05/07/2023,-3790,,V,07/07/2023,0,,,09/07/2023,0,10779,,11/07/2023,0,,,13/07/2023,0,,,15/07/2023,0,,,17/07/2023,0,,,19/07/2023,0,,,21/07/2023,0,,,23/07/2023,0,,#N/A,25/07/2023,0,,#N/A,27/07/2023,0,,#N/A,29/07/2023,0,,,31/07/2023,0,,,02/08/2023,0,,,,,,,,,,,,,,,,,,,,,,,,,,,,,,,,,,,,,,
75,3,ğŸ‡³ğŸ‡±Low Lands 2,ğŸ‡³ğŸ‡±,2,0,,,,03/07/2023,3â€¯141,3141,V,05/07/2023,-3141,,V,07/07/2023,0,,,09/07/2023,0,8232,,11/07/2023,0,,,13/07/2023,0,,,15/07/2023,0,,,17/07/2023,0,,,19/07/2023,0,,,21/07/2023,0,,,23/07/2023,0,,#N/A,25/07/2023,0,,#N/A,27/07/2023,0,,#N/A,29/07/2023,0,,,31/07/2023,0,,,02/08/2023,0,,,,,,,,,,,,,,,,,,,,,,,,,,,,,,,,,,,,,,
75,3,ğŸ‡³ğŸ‡±Low||LandsğŸ‡§ğŸ‡ª,ğŸ‡³ğŸ‡±,3,0,,,,03/07/2023,2â€¯608,2608,V,05/07/2023,-2608,,D,07/07/2023,0,,,09/07/2023,0,,,11/07/2023,0,,,13/07/2023,0,,,15/07/2023,0,,,17/07/2023,0,,,19/07/2023,0,,,21/07/2023,0,,,23/07/2023,0,,#N/A,25/07/2023,0,,#N/A,27/07/2023,0,,#N/A,29/07/2023,0,,,31/07/2023,0,,,02/08/2023,0,,,,,,,,,,,,,,,,,,,,,,,,,,,,,,,,,,,,,,
60,3,ğŸŒŠSchildkrÃ¶tisğŸ¢,ğŸ‡©ğŸ‡ª,4,3â€¯231,,,,03/07/2023,2â€¯339,2â€¯339,D,05/07/2023,892,3â€¯231,V,07/07/2023,0,,,09/07/2023,0,7179,,11/07/2023,0,,,13/07/2023,0,,,15/07/2023,0,,,17/07/2023,0,,,19/07/2023,0,,,21/07/2023,0,,,23/07/2023,0,,#N/A,25/07/2023,0,,#N/A,27/07/2023,0,,#N/A,29/07/2023,0,,,31/07/2023,0,,,02/08/2023,0,,,,,,,,,,,,,,,,,,,,,,,,,,,,,,,,,,,,,,
25,3,ğŸºPiWEX SQUAD,ğŸ‡µğŸ‡±,5,4â€¯891,,,,03/07/2023,3â€¯043,3â€¯043,D,05/07/2023,1â€¯848,4â€¯891,D,07/07/2023,0,,,09/07/2023,0,11455,,11/07/2023,0,,,13/07/2023,0,,,15/07/2023,0,,,17/07/2023,0,,,19/07/2023,0,,,21/07/2023,0,,,23/07/2023,0,,#N/A,25/07/2023,0,,#N/A,27/07/2023,0,,#N/A,29/07/2023,0,,,31/07/2023,0,,,02/08/2023,0,,,,,,,,,,,,,,,,,,,,,,,,,,,,,,,,,,,,,,
75,3,ğŸ¦ˆ Sharks,ğŸ‡©ğŸ‡ª,6,0,,,,03/07/2023,2â€¯150,2150,V,05/07/2023,-2150,,V,07/07/2023,0,,,09/07/2023,0,,,11/07/2023,0,,,13/07/2023,0,,,15/07/2023,0,,,17/07/2023,0,,,19/07/2023,0,,,21/07/2023,0,,,23/07/2023,0,,#N/A,25/07/2023,0,,#N/A,27/07/2023,0,,#N/A,29/07/2023,0,,,31/07/2023,0,,,02/08/2023,0,,,,,,,,,,,,,,,,,,,,,,,,,,,,,,,,,,,,,,
75,3,ğŸ¦ˆ SharksÂ²,ğŸ‡©ğŸ‡ª,7,0,,,,03/07/2023,863,863,D,05/07/2023,-863,,V,07/07/2023,0,,,09/07/2023,0,,,11/07/2023,0,,,13/07/2023,0,,,15/07/2023,0,,,17/07/2023,0,,,19/07/2023,0,,,21/07/2023,0,,,23/07/2023,0,,#N/A,25/07/2023,0,,#N/A,27/07/2023,0,,#N/A,29/07/2023,0,,,31/07/2023,0,,,02/08/2023,0,,,,,,,,,,,,,,,,,,,,,,,,,,,,,,,,,,,,,,
52,3,2MuchClutch,ğŸ‡¨ğŸ‡¦,8,3â€¯648,,,,03/07/2023,1â€¯481,1â€¯481,V,05/07/2023,2â€¯167,3â€¯648,V,07/07/2023,0,,,09/07/2023,0,10873,,11/07/2023,0,,,13/07/2023,0,,,15/07/2023,0,,,17/07/2023,0,,,19/07/2023,0,,,21/07/2023,0,,,23/07/2023,0,,#N/A,25/07/2023,0,,#N/A,27/07/2023,0,,#N/A,29/07/2023,0,,,31/07/2023,0,,,02/08/2023,0,,,,,,,,,,,,,,,,,,,,,,,,,,,,,,,,,,,,,,
40,3,APREV UNITED,ğŸ‡¦ğŸ‡¹,9,4â€¯002,,,,03/07/2023,1â€¯766,1â€¯766,V,05/07/2023,2â€¯236,4â€¯002,D,07/07/2023,0,,,09/07/2023,0,8402,,11/07/2023,0,,,13/07/2023,0,,,15/07/2023,0,,,17/07/2023,0,,,19/07/2023,0,,,21/07/2023,0,,,23/07/2023,0,,#N/A,25/07/2023,0,,#N/A,27/07/2023,0,,#N/A,29/07/2023,0,,,31/07/2023,0,,,02/08/2023,0,,,,,,,,,,,,,,,,,,,,,,,,,,,,,,,,,,,,,,
32,3,Arab Unitedâ„¢1,ğŸ‡¸ğŸ‡¦,10,4â€¯370,,,,03/07/2023,2â€¯208,2â€¯208,D,05/07/2023,2â€¯162,4â€¯370,V,07/07/2023,0,,,09/07/2023,0,9042,,11/07/2023,0,,,13/07/2023,0,,,15/07/2023,0,,,17/07/2023,0,,,19/07/2023,0,,,21/07/2023,0,,,23/07/2023,0,,#N/A,25/07/2023,0,,#N/A,27/07/2023,0,,#N/A,29/07/2023,0,,,31/07/2023,0,,,02/08/2023,0,,,,,,,,,,,,,,,,,,,,,,,,,,,,,,,,,,,,,,
57,3,Arab Unitedâ„¢2,ğŸ‡¸ğŸ‡¦,11,3â€¯391,,,,03/07/2023,2â€¯804,2â€¯804,D,05/07/2023,587,3â€¯391,V,07/07/2023,0,,,09/07/2023,0,8439,,11/07/2023,0,,,13/07/2023,0,,,15/07/2023,0,,,17/07/2023,0,,,19/07/2023,0,,,21/07/2023,0,,,23/07/2023,0,,#N/A,25/07/2023,0,,#N/A,27/07/2023,0,,#N/A,29/07/2023,0,,,31/07/2023,0,,,02/08/2023,0,,,,,,,,,,,,,,,,,,,,,,,,,,,,,,,,,,,,,,
62,3,Arab Unitedâ„¢3,ğŸ‡¸ğŸ‡¦,12,3â€¯190,,,,03/07/2023,1â€¯075,1â€¯075,V,05/07/2023,2â€¯115,3â€¯190,D,07/07/2023,0,,,09/07/2023,0,7391,,11/07/2023,0,,,13/07/2023,0,,,15/07/2023,0,,,17/07/2023,0,,,19/07/2023,0,,,21/07/2023,0,,,23/07/2023,0,,#N/A,25/07/2023,0,,#N/A,27/07/2023,0,,#N/A,29/07/2023,0,,,31/07/2023,0,,,02/08/2023,0,,,,,,,,,,,,,,,,,,,,,,,,,,,,,,,,,,,,,,
67,3,AY YILDIZğŸ’«,ğŸ‡¹ğŸ‡·,13,2â€¯881,,,,03/07/2023,1â€¯426,1â€¯426,D,05/07/2023,1â€¯455,2â€¯881,V,07/07/2023,0,,,09/07/2023,0,8978,,11/07/2023,0,,,13/07/2023,0,,,15/07/2023,0,,,17/07/2023,0,,,19/07/2023,0,,,21/07/2023,0,,,23/07/2023,0,,#N/A,25/07/2023,0,,#N/A,27/07/2023,0,,#N/A,29/07/2023,0,,,31/07/2023,0,,,02/08/2023,0,,,,,,,,,,,,,,,,,,,,,,,,,,,,,,,,,,,,,,
59,3,B A S T I O N,ğŸ‡µğŸ‡±,14,3â€¯254,,,,03/07/2023,1â€¯748,1â€¯748,V,05/07/2023,1â€¯506,3â€¯254,D,07/07/2023,0,,,09/07/2023,0,7652,,11/07/2023,0,,,13/07/2023,0,,,15/07/2023,0,,,17/07/2023,0,,,19/07/2023,0,,,21/07/2023,0,,,23/07/2023,0,,#N/A,25/07/2023,0,,#N/A,27/07/2023,0,,#N/A,29/07/2023,0,,,31/07/2023,0,,,02/08/2023,0,,,,,,,,,,,,,,,,,,,,,,,,,,,,,,,,,,,,,,
14,3,B A WğŸ’¥W N A,ğŸ‡ºğŸ‡¦,15,5â€¯768,,,,03/07/2023,3â€¯529,3â€¯529,V,05/07/2023,2â€¯239,5â€¯768,D,07/07/2023,0,,,09/07/2023,0,13170,,11/07/2023,0,,,13/07/2023,0,,,15/07/2023,0,,,17/07/2023,0,,,19/07/2023,0,,,21/07/2023,0,,,23/07/2023,0,,#N/A,25/07/2023,0,,#N/A,27/07/2023,0,,#N/A,29/07/2023,0,,,31/07/2023,0,,,02/08/2023,0,,,,,,,,,,,,,,,,,,,,,,,,,,,,,,,,,,,,,,
9,3,B R A Z I LğŸ‡§ğŸ‡·Â¹,ğŸ‡§ğŸ‡·,16,6â€¯146,,,,03/07/2023,3â€¯594,3â€¯594,V,05/07/2023,2â€¯552,6â€¯146,V,07/07/2023,0,,,09/07/2023,0,9736,,11/07/2023,0,,,13/07/2023,0,,,15/07/2023,0,,,17/07/2023,0,,,19/07/2023,0,,,21/07/2023,0,,,23/07/2023,0,,#N/A,25/07/2023,0,,#N/A,27/07/2023,0,,#N/A,29/07/2023,0,,,31/07/2023,0,,,02/08/2023,0,,,,,,,,,,,,,,,,,,,,,,,,,,,,,,,,,,,,,,
12,3,Bensalenkkarit,ğŸ‡«ğŸ‡®,17,5â€¯940,,,,03/07/2023,2â€¯847,2â€¯847,D,05/07/2023,3â€¯093,5â€¯940,D,07/07/2023,0,,,09/07/2023,0,7438,,11/07/2023,0,,,13/07/2023,0,,,15/07/2023,0,,,17/07/2023,0,,,19/07/2023,0,,,21/07/2023,0,,,23/07/2023,0,,#N/A,25/07/2023,0,,#N/A,27/07/2023,0,,#N/A,29/07/2023,0,,,31/07/2023,0,,,02/08/2023,0,,,,,,,,,,,,,,,,,,,,,,,,,,,,,,,,,,,,,,
21,3,BG DREAM TEAM ğŸ¥‡,ğŸ‡§ğŸ‡¬,18,5â€¯365,,,,03/07/2023,2â€¯939,2â€¯939,V,05/07/2023,2â€¯426,5â€¯365,D,07/07/2023,0,,,09/07/2023,0,9749,,11/07/2023,0,,,13/07/2023,0,,,15/07/2023,0,,,17/07/2023,0,,,19/07/2023,0,,,21/07/2023,0,,,23/07/2023,0,,#N/A,25/07/2023,0,,#N/A,27/07/2023,0,,#N/A,29/07/2023,0,,,31/07/2023,0,,,02/08/2023,0,,,,,,,,,,,,,,,,,,,,,,,,,,,,,,,,,,,,,,
11,3,BLACKLIST#1,ğŸ‡©ğŸ‡ª,19,6â€¯001,,,,03/07/2023,2â€¯370,2â€¯370,V,05/07/2023,3â€¯631,6â€¯001,D,07/07/2023,0,,,09/07/2023,0,11582,,11/07/2023,0,,,13/07/2023,0,,,15/07/2023,0,,,17/07/2023,0,,,19/07/2023,0,,,21/07/2023,0,,,23/07/2023,0,,#N/A,25/07/2023,0,,#N/A,27/07/2023,0,,#N/A,29/07/2023,0,,,31/07/2023,0,,,02/08/2023,0,,,,,,,,,,,,,,,,,,,,,,,,,,,,,,,,,,,,,,
43,3,BYğŸ”NoWarğŸ‡ºğŸ‡¦,ğŸ‡§ğŸ‡¾,20,3â€¯922,,,,03/07/2023,1â€¯180,1â€¯180,D,05/07/2023,2â€¯742,3â€¯922,D,07/07/2023,0,,,09/07/2023,0,6798,,11/07/2023,0,,,13/07/2023,0,,,15/07/2023,0,,,17/07/2023,0,,,19/07/2023,0,,,21/07/2023,0,,,23/07/2023,0,,#N/A,25/07/2023,0,,#N/A,27/07/2023,0,,#N/A,29/07/2023,0,,,31/07/2023,0,,,02/08/2023,0,,,,,,,,,,,,,,,,,,,,,,,,,,,,,,,,,,,,,,
72,3,ChavoRRojosğŸ‡²ğŸ‡½,ğŸ‡²ğŸ‡½,21,2â€¯545,,,,03/07/2023,334,334,V,05/07/2023,2â€¯211,2â€¯545,V,07/07/2023,0,,,09/07/2023,0,6361,,11/07/2023,0,,,13/07/2023,0,,,15/07/2023,0,,,17/07/2023,0,,,19/07/2023,0,,,21/07/2023,0,,,23/07/2023,0,,#N/A,25/07/2023,0,,#N/A,27/07/2023,0,,#N/A,29/07/2023,0,,,31/07/2023,0,,,02/08/2023,0,,,,,,,,,,,,,,,,,,,,,,,,,,,,,,,,,,,,,,
28,3,COIO3,ğŸ‡·ğŸ‡º,22,4â€¯617,,,,03/07/2023,2â€¯521,2521,V,05/07/2023,2â€¯096,4â€¯617,V,07/07/2023,0,,,09/07/2023,0,10437,,11/07/2023,0,,,13/07/2023,0,,,15/07/2023,0,,,17/07/2023,0,,,19/07/2023,0,,,21/07/2023,0,,,23/07/2023,0,,#N/A,25/07/2023,0,,#N/A,27/07/2023,0,,#N/A,29/07/2023,0,,,31/07/2023,0,,,02/08/2023,0,,,,,,,,,,,,,,,,,,,,,,,,,,,,,,,,,,,,,,
37,3,CrazyHungarian,ğŸ‡­ğŸ‡º,23,4â€¯182,,,,03/07/2023,2â€¯754,2â€¯754,V,05/07/2023,1â€¯428,4â€¯182,V,07/07/2023,0,,,09/07/2023,0,7474,,11/07/2023,0,,,13/07/2023,0,,,15/07/2023,0,,,17/07/2023,0,,,19/07/2023,0,,,21/07/2023,0,,,23/07/2023,0,,#N/A,25/07/2023,0,,#N/A,27/07/2023,0,,#N/A,29/07/2023,0,,,31/07/2023,0,,,02/08/2023,0,,,,,,,,,,,,,,,,,,,,,,,,,,,,,,,,,,,,,,
54,3,CubanSUGÎ”Â®ğŸ‡¨ğŸ‡º,ğŸ‡¨ğŸ‡º,24,3â€¯572,,,,03/07/2023,1â€¯394,1â€¯394,D,05/07/2023,2â€¯178,3â€¯572,D,07/07/2023,0,,,09/07/2023,0,7208,,11/07/2023,0,,,13/07/2023,0,,,15/07/2023,0,,,17/07/2023,0,,,19/07/2023,0,,,21/07/2023,0,,,23/07/2023,0,,#N/A,25/07/2023,0,,#N/A,27/07/2023,0,,#N/A,29/07/2023,0,,,31/07/2023,0,,,02/08/2023,0,,,,,,,,,,,,,,,,,,,,,,,,,,,,,,,,,,,,,,
66,3,CyprusğŸ‡¨ğŸ‡¾ğŸš˜ğŸ‡¬ğŸ‡·,ğŸ‡¨ğŸ‡¾,25,2â€¯897,,,,03/07/2023,1â€¯309,1â€¯309,V,05/07/2023,1â€¯588,2â€¯897,V,07/07/2023,0,,,09/07/2023,0,5757,,11/07/2023,0,,,13/07/2023,0,,,15/07/2023,0,,,17/07/2023,0,,,19/07/2023,0,,,21/07/2023,0,,,23/07/2023,0,,#N/A,25/07/2023,0,,#N/A,27/07/2023,0,,#N/A,29/07/2023,0,,,31/07/2023,0,,,02/08/2023,0,,,,,,,,,,,,,,,,,,,,,,,,,,,,,,,,,,,,,,
4,3,DIRTY TORQUE,ğŸ‡¬ğŸ‡§,26,6â€¯335,,,,03/07/2023,4â€¯168,4â€¯168,D,05/07/2023,2â€¯167,6â€¯335,D,07/07/2023,0,,,09/07/2023,0,10832,,11/07/2023,0,,,13/07/2023,0,,,15/07/2023,0,,,17/07/2023,0,,,19/07/2023,0,,,21/07/2023,0,,,23/07/2023,0,,#N/A,25/07/2023,0,,#N/A,27/07/2023,0,,#N/A,29/07/2023,0,,,31/07/2023,0,,,02/08/2023,0,,,,,,,,,,,,,,,,,,,,,,,,,,,,,,,,,,,,,,
8,3,Discord,ğŸ‡¦ğŸ‡¶,27,6â€¯186,,,,03/07/2023,2â€¯404,2â€¯404,V,05/07/2023,3â€¯782,6â€¯186,D,07/07/2023,0,,,09/07/2023,0,13730,,11/07/2023,0,,,13/07/2023,0,,,15/07/2023,0,,,17/07/2023,0,,,19/07/2023,0,,,21/07/2023,0,,,23/07/2023,0,,#N/A,25/07/2023,0,,#N/A,27/07/2023,0,,#N/A,29/07/2023,0,,,31/07/2023,0,,,02/08/2023,0,,,,,,,,,,,,,,,,,,,,,,,,,,,,,,,,,,,,,,
75,3,Discord 3â„¢,ğŸ‡¦ğŸ‡¶,28,0,,,,03/07/2023,1â€¯899,1899,D,05/07/2023,-1899,,V,07/07/2023,0,,,09/07/2023,0,5624,,11/07/2023,0,,,13/07/2023,0,,,15/07/2023,0,,,17/07/2023,0,,,19/07/2023,0,,,21/07/2023,0,,,23/07/2023,0,,#N/A,25/07/2023,0,,#N/A,27/07/2023,0,,#N/A,29/07/2023,0,,,31/07/2023,0,,,02/08/2023,0,,,,,,,,,,,,,,,,,,,,,,,,,,,,,,,,,,,,,,
75,3,E M P I R Î,ğŸŒ,29,0,,,,03/07/2023,4â€¯204,4â€¯204,D,05/07/2023,-4â€¯204,,V,07/07/2023,0,,,09/07/2023,0,,,11/07/2023,0,,,13/07/2023,0,,,15/07/2023,0,,,17/07/2023,0,,,19/07/2023,0,,,21/07/2023,0,,,23/07/2023,0,,#N/A,25/07/2023,0,,#N/A,27/07/2023,0,,#N/A,29/07/2023,0,,,31/07/2023,0,,,02/08/2023,0,,,,,,,,,,,,,,,,,,,,,,,,,,,,,,,,,,,,,,
75,3,E M P I R Î Â²,ğŸŒ,30,0,,,,03/07/2023,2â€¯886,2886,D,05/07/2023,-2886,,V,07/07/2023,0,,,09/07/2023,0,,,11/07/2023,0,,,13/07/2023,0,,,15/07/2023,0,,,17/07/2023,0,,,19/07/2023,0,,,21/07/2023,0,,,23/07/2023,0,,#N/A,25/07/2023,0,,#N/A,27/07/2023,0,,#N/A,29/07/2023,0,,,31/07/2023,0,,,02/08/2023,0,,,,,,,,,,,,,,,,,,,,,,,,,,,,,,,,,,,,,,
75,3,E M P I R Î Â³,ğŸŒ,31,0,,,,03/07/2023,1â€¯999,1999,D,05/07/2023,-1999,,V,07/07/2023,0,,,09/07/2023,0,,,11/07/2023,0,,,13/07/2023,0,,,15/07/2023,0,,,17/07/2023,0,,,19/07/2023,0,,,21/07/2023,0,,,23/07/2023,0,,#N/A,25/07/2023,0,,#N/A,27/07/2023,0,,#N/A,29/07/2023,0,,,31/07/2023,0,,,02/08/2023,0,,,,,,,,,,,,,,,,,,,,,,,,,,,,,,,,,,,,,,
22,3,EC~Huckleberry,ğŸ‡ºğŸ‡¸,32,5â€¯167,,,,03/07/2023,3â€¯477,3â€¯477,D,05/07/2023,1â€¯690,5â€¯167,V,07/07/2023,0,,,09/07/2023,0,10744,,11/07/2023,0,,,13/07/2023,0,,,15/07/2023,0,,,17/07/2023,0,,,19/07/2023,0,,,21/07/2023,0,,,23/07/2023,0,,#N/A,25/07/2023,0,,#N/A,27/07/2023,0,,#N/A,29/07/2023,0,,,31/07/2023,0,,,02/08/2023,0,,,,,,,,,,,,,,,,,,,,,,,,,,,,,,,,,,,,,,
75,3,French SpiritÂ¹,ğŸ‡«ğŸ‡·,33,0,,,,03/07/2023,2â€¯929,2929,V,05/07/2023,-2929,,V,07/07/2023,0,,,09/07/2023,0,,,11/07/2023,0,,,13/07/2023,0,,,15/07/2023,0,,,17/07/2023,0,,,19/07/2023,0,,,21/07/2023,0,,,23/07/2023,0,,#N/A,25/07/2023,0,,#N/A,27/07/2023,0,,#N/A,29/07/2023,0,,,31/07/2023,0,,,02/08/2023,0,,,,,,,,,,,,,,,,,,,,,,,,,,,,,,,,,,,,,,
47,3,FURACÃƒO ALIENS,ğŸ‡§ğŸ‡·,34,3â€¯859,,,,03/07/2023,1â€¯651,1â€¯651,V,05/07/2023,2â€¯208,3â€¯859,D,07/07/2023,0,,,09/07/2023,0,7414,,11/07/2023,0,,,13/07/2023,0,,,15/07/2023,0,,,17/07/2023,0,,,19/07/2023,0,,,21/07/2023,0,,,23/07/2023,0,,#N/A,25/07/2023,0,,#N/A,27/07/2023,0,,#N/A,29/07/2023,0,,,31/07/2023,0,,,02/08/2023,0,,,,,,,,,,,,,,,,,,,,,,,,,,,,,,,,,,,,,,
75,3,GERMANY,ğŸ‡©ğŸ‡ª,35,0,1,,,03/07/2023,29,29,D,05/07/2023,-29,,D,07/07/2023,0,,,09/07/2023,0,,,11/07/2023,0,,,13/07/2023,0,,,15/07/2023,0,,,17/07/2023,0,,,19/07/2023,0,,,21/07/2023,0,,,23/07/2023,0,,#N/A,25/07/2023,0,,#N/A,27/07/2023,0,,#N/A,29/07/2023,0,,,31/07/2023,0,,,02/08/2023,0,,,,,,,,,,,,,,,,,,,,,,,,,,,,,,,,,,,,,,
68,3,Gorky'52ğŸ¥‡,ğŸ‡·ğŸ‡º,36,2â€¯766,,,,03/07/2023,1â€¯041,1â€¯041,V,05/07/2023,1â€¯725,2â€¯766,D,07/07/2023,0,,,09/07/2023,0,,,11/07/2023,0,,,13/07/2023,0,,,15/07/2023,0,,,17/07/2023,0,,,19/07/2023,0,,,21/07/2023,0,,,23/07/2023,0,,#N/A,25/07/2023,0,,#N/A,27/07/2023,0,,#N/A,29/07/2023,0,,,31/07/2023,0,,,02/08/2023,0,,,,,,,,,,,,,,,,,,,,,,,,,,,,,,,,,,,,,,
56,3,GwardiaDzikÃ³w,ğŸ‡µğŸ‡±,37,3â€¯459,,,,03/07/2023,1â€¯581,1â€¯581,D,05/07/2023,1â€¯878,3â€¯459,D,07/07/2023,0,,,09/07/2023,0,9908,,11/07/2023,0,,,13/07/2023,0,,,15/07/2023,0,,,17/07/2023,0,,,19/07/2023,0,,,21/07/2023,0,,,23/07/2023,0,,#N/A,25/07/2023,0,,#N/A,27/07/2023,0,,#N/A,29/07/2023,0,,,31/07/2023,0,,,02/08/2023,0,,,,,,,,,,,,,,,,,,,,,,,,,,,,,,,,,,,,,,
49,3,HELVETIA ğŸ‡¨ğŸ‡­,ğŸ‡¨ğŸ‡­,38,3â€¯733,,,,03/07/2023,984,984,D,05/07/2023,2â€¯749,3â€¯733,D,07/07/2023,0,,,09/07/2023,0,5653,,11/07/2023,0,,,13/07/2023,0,,,15/07/2023,0,,,17/07/2023,0,,,19/07/2023,0,,,21/07/2023,0,,,23/07/2023,0,,#N/A,25/07/2023,0,,#N/A,27/07/2023,0,,#N/A,29/07/2023,0,,,31/07/2023,0,,,02/08/2023,0,,,,,,,,,,,,,,,,,,,,,,,,,,,,,,,,,,,,,,
51,3,ImmerğŸ”Bremser,ğŸ‡©ğŸ‡ª,39,3â€¯657,,,,03/07/2023,2â€¯614,2â€¯614,D,05/07/2023,1â€¯043,3â€¯657,V,07/07/2023,0,,,09/07/2023,0,7691,,11/07/2023,0,,,13/07/2023,0,,,15/07/2023,0,,,17/07/2023,0,,,19/07/2023,0,,,21/07/2023,0,,,23/07/2023,0,,#N/A,25/07/2023,0,,#N/A,27/07/2023,0,,#N/A,29/07/2023,0,,,31/07/2023,0,,,02/08/2023,0,,,,,,,,,,,,,,,,,,,,,,,,,,,,,,,,,,,,,,
39,3,INDO FIGHTERS,ğŸ‡®ğŸ‡©,40,4â€¯106,,,,03/07/2023,529,529,D,05/07/2023,3â€¯577,4â€¯106,V,07/07/2023,0,,,09/07/2023,0,8680,,11/07/2023,0,,,13/07/2023,0,,,15/07/2023,0,,,17/07/2023,0,,,19/07/2023,0,,,21/07/2023,0,,,23/07/2023,0,,#N/A,25/07/2023,0,,#N/A,27/07/2023,0,,#N/A,29/07/2023,0,,,31/07/2023,0,,,02/08/2023,0,,,,,,,,,,,,,,,,,,,,,,,,,,,,,,,,,,,,,,
24,3,IRANÂ°,ğŸ‡®ğŸ‡·,41,4â€¯951,,,,03/07/2023,3â€¯129,3â€¯129,D,05/07/2023,1â€¯822,4â€¯951,V,07/07/2023,0,,,09/07/2023,0,8821,,11/07/2023,0,,,13/07/2023,0,,,15/07/2023,0,,,17/07/2023,0,,,19/07/2023,0,,,21/07/2023,0,,,23/07/2023,0,,#N/A,25/07/2023,0,,#N/A,27/07/2023,0,,#N/A,29/07/2023,0,,,31/07/2023,0,,,02/08/2023,0,,,,,,,,,,,,,,,,,,,,,,,,,,,,,,,,,,,,,,
44,3,JalurGemilang,ğŸ‡²ğŸ‡¾,42,3â€¯915,,,,03/07/2023,2â€¯720,2â€¯720,V,05/07/2023,1â€¯195,3â€¯915,V,07/07/2023,0,,,09/07/2023,0,7814,,11/07/2023,0,,,13/07/2023,0,,,15/07/2023,0,,,17/07/2023,0,,,19/07/2023,0,,,21/07/2023,0,,,23/07/2023,0,,#N/A,25/07/2023,0,,#N/A,27/07/2023,0,,#N/A,29/07/2023,0,,,31/07/2023,0,,,02/08/2023,0,,,,,,,,,,,,,,,,,,,,,,,,,,,,,,,,,,,,,,
31,3,La DRINK TEAM,ğŸ‡«ğŸ‡·,43,4â€¯433,,,,03/07/2023,3â€¯520,3â€¯520,V,05/07/2023,913,4â€¯433,V,07/07/2023,0,,,09/07/2023,0,8574,,11/07/2023,0,,,13/07/2023,0,,,15/07/2023,0,,,17/07/2023,0,,,19/07/2023,0,,,21/07/2023,0,,,23/07/2023,0,,#N/A,25/07/2023,0,,#N/A,27/07/2023,0,,#N/A,29/07/2023,0,,,31/07/2023,0,,,02/08/2023,0,,,,,,,,,,,,,,,,,,,,,,,,,,,,,,,,,,,,,,
7,3,LastğŸ»Call,ğŸ‡ºğŸ‡¸,44,6â€¯243,,,,03/07/2023,2â€¯637,2â€¯637,D,05/07/2023,3â€¯606,6â€¯243,V,07/07/2023,0,,,09/07/2023,0,11074,,11/07/2023,0,,,13/07/2023,0,,,15/07/2023,0,,,17/07/2023,0,,,19/07/2023,0,,,21/07/2023,0,,,23/07/2023,0,,#N/A,25/07/2023,0,,#N/A,27/07/2023,0,,#N/A,29/07/2023,0,,,31/07/2023,0,,,02/08/2023,0,,,,,,,,,,,,,,,,,,,,,,,,,,,,,,,,,,,,,,
69,3,Le-Mano,ğŸ‡·ğŸ‡º,45,2â€¯761,,,,03/07/2023,846,846,V,05/07/2023,1â€¯915,2â€¯761,D,07/07/2023,0,,,09/07/2023,0,9193,,11/07/2023,0,,,13/07/2023,0,,,15/07/2023,0,,,17/07/2023,0,,,19/07/2023,0,,,21/07/2023,0,,,23/07/2023,0,,#N/A,25/07/2023,0,,#N/A,27/07/2023,0,,#N/A,29/07/2023,0,,,31/07/2023,0,,,02/08/2023,0,,,,,,,,,,,,,,,,,,,,,,,,,,,,,,,,,,,,,,
61,3,LEGIONE ğŸ”µ,ğŸ‡®ğŸ‡¹,46,3â€¯199,,,,03/07/2023,852,852,V,05/07/2023,2â€¯347,3â€¯199,D,07/07/2023,0,,,09/07/2023,0,9020,,11/07/2023,0,,,13/07/2023,0,,,15/07/2023,0,,,17/07/2023,0,,,19/07/2023,0,,,21/07/2023,0,,,23/07/2023,0,,#N/A,25/07/2023,0,,#N/A,27/07/2023,0,,#N/A,29/07/2023,0,,,31/07/2023,0,,,02/08/2023,0,,,,,,,,,,,,,,,,,,,,,,,,,,,,,,,,,,,,,,
75,3,Lil'Rage,ğŸ‡¸ğŸ‡®,47,0,,,,03/07/2023,1â€¯062,1â€¯062,V,05/07/2023,-1â€¯062,,D,07/07/2023,0,,,09/07/2023,0,6280,,11/07/2023,0,,,13/07/2023,0,,,15/07/2023,0,,,17/07/2023,0,,,19/07/2023,0,,,21/07/2023,0,,,23/07/2023,0,,#N/A,25/07/2023,0,,#N/A,27/07/2023,0,,#N/A,29/07/2023,0,,,31/07/2023,0,,,02/08/2023,0,,,,,,,,,,,,,,,,,,,,,,,,,,,,,,,,,,,,,,
70,3,LOYAL OUTCASTS,ğŸ‡ºğŸ‡¸,48,2â€¯656,,,,03/07/2023,924,924,V,05/07/2023,1â€¯732,2â€¯656,V,07/07/2023,0,,,09/07/2023,0,8107,,11/07/2023,0,,,13/07/2023,0,,,15/07/2023,0,,,17/07/2023,0,,,19/07/2023,0,,,21/07/2023,0,,,23/07/2023,0,,#N/A,25/07/2023,0,,#N/A,27/07/2023,0,,#N/A,29/07/2023,0,,,31/07/2023,0,,,02/08/2023,0,,,,,,,,,,,,,,,,,,,,,,,,,,,,,,,,,,,,,,
41,3,M@ncos Latinos,ğŸ‡²ğŸ‡½,49,3â€¯969,,,,03/07/2023,3â€¯629,3â€¯629,D,05/07/2023,340,3â€¯969,D,07/07/2023,0,,,09/07/2023,0,8286,,11/07/2023,0,,,13/07/2023,0,,,15/07/2023,0,,,17/07/2023,0,,,19/07/2023,0,,,21/07/2023,0,,,23/07/2023,0,,#N/A,25/07/2023,0,,#N/A,27/07/2023,0,,#N/A,29/07/2023,0,,,31/07/2023,0,,,02/08/2023,0,,,,,,,,,,,,,,,,,,,,,,,,,,,,,,,,,,,,,,
75,3,MADE !N FORCE,ğŸ‡µğŸ‡±,50,0,,,,03/07/2023,4â€¯182,4182,V,05/07/2023,-4182,,D,07/07/2023,0,,,09/07/2023,0,,,11/07/2023,0,,,13/07/2023,0,,,15/07/2023,0,,,17/07/2023,0,,,19/07/2023,0,,,21/07/2023,0,,,23/07/2023,0,,#N/A,25/07/2023,0,,#N/A,27/07/2023,0,,#N/A,29/07/2023,0,,,31/07/2023,0,,,02/08/2023,0,,,,,,,,,,,,,,,,,,,,,,,,,,,,,,,,,,,,,,
75,3,MADE !N FORCE3,ğŸ‡µğŸ‡±,51,0,,,,03/07/2023,355,355,D,05/07/2023,-355,,D,07/07/2023,0,,,09/07/2023,0,,,11/07/2023,0,,,13/07/2023,0,,,15/07/2023,0,,,17/07/2023,0,,,19/07/2023,0,,,21/07/2023,0,,,23/07/2023,0,,#N/A,25/07/2023,0,,#N/A,27/07/2023,0,,#N/A,29/07/2023,0,,,31/07/2023,0,,,02/08/2023,0,,,,,,,,,,,,,,,,,,,,,,,,,,,,,,,,,,,,,,
5,3,Made in ItalyğŸ¤Œ,ğŸ‡®ğŸ‡¹,52,6â€¯333,,,,03/07/2023,3â€¯663,3â€¯663,D,05/07/2023,2â€¯670,6â€¯333,D,07/07/2023,0,,,09/07/2023,0,10919,,11/07/2023,0,,,13/07/2023,0,,,15/07/2023,0,,,17/07/2023,0,,,19/07/2023,0,,,21/07/2023,0,,,23/07/2023,0,,#N/A,25/07/2023,0,,#N/A,27/07/2023,0,,#N/A,29/07/2023,0,,,31/07/2023,0,,,02/08/2023,0,,,,,,,,,,,,,,,,,,,,,,,,,,,,,,,,,,,,,,
45,3,MostWantedÂ®,ğŸ‡©ğŸ‡ª,53,3â€¯892,,,,03/07/2023,1â€¯555,1â€¯555,D,05/07/2023,2â€¯337,3â€¯892,V,07/07/2023,0,,,09/07/2023,0,7581,,11/07/2023,0,,,13/07/2023,0,,,15/07/2023,0,,,17/07/2023,0,,,19/07/2023,0,,,21/07/2023,0,,,23/07/2023,0,,#N/A,25/07/2023,0,,#N/A,27/07/2023,0,,#N/A,29/07/2023,0,,,31/07/2023,0,,,02/08/2023,0,,,,,,,,,,,,,,,,,,,,,,,,,,,,,,,,,,,,,,
75,3,Ã‘&FRIENDSğŸŒ,ğŸ‡ªğŸ‡¸,54,0,,,,03/07/2023,1â€¯914,1914,D,05/07/2023,-1914,,V,07/07/2023,0,,,09/07/2023,0,,,11/07/2023,0,,,13/07/2023,0,,,15/07/2023,0,,,17/07/2023,0,,,19/07/2023,0,,,21/07/2023,0,,,23/07/2023,0,,#N/A,25/07/2023,0,,#N/A,27/07/2023,0,,#N/A,29/07/2023,0,,,31/07/2023,0,,,02/08/2023,0,,,,,,,,,,,,,,,,,,,,,,,,,,,,,,,,,,,,,,
75,3,Ã‘&FRIENDSğŸŒÂ²,ğŸ‡ªğŸ‡¸,55,0,,,,03/07/2023,486,486,D,05/07/2023,-486,,V,07/07/2023,0,,,09/07/2023,0,,,11/07/2023,0,,,13/07/2023,0,,,15/07/2023,0,,,17/07/2023,0,,,19/07/2023,0,,,21/07/2023,0,,,23/07/2023,0,,#N/A,25/07/2023,0,,#N/A,27/07/2023,0,,#N/A,29/07/2023,0,,,31/07/2023,0,,,02/08/2023,0,,,,,,,,,,,,,,,,,,,,,,,,,,,,,,,,,,,,,,
74,3,NeverGiveUp!!,ğŸ‡®ğŸ‡¹,56,1â€¯836,,,,03/07/2023,892,892,V,05/07/2023,944,1â€¯836,D,07/07/2023,0,,,09/07/2023,0,6175,,11/07/2023,0,,,13/07/2023,0,,,15/07/2023,0,,,17/07/2023,0,,,19/07/2023,0,,,21/07/2023,0,,,23/07/2023,0,,#N/A,25/07/2023,0,,#N/A,27/07/2023,0,,#N/A,29/07/2023,0,,,31/07/2023,0,,,02/08/2023,0,,,,,,,,,,,,,,,,,,,,,,,,,,,,,,,,,,,,,,
23,3,NORDLYSâ„¢,ğŸ‡©ğŸ‡ª,57,4â€¯990,,,,03/07/2023,2â€¯948,2â€¯948,V,05/07/2023,2â€¯042,4â€¯990,V,07/07/2023,0,,,09/07/2023,0,9472,,11/07/2023,0,,,13/07/2023,0,,,15/07/2023,0,,,17/07/2023,0,,,19/07/2023,0,,,21/07/2023,0,,,23/07/2023,0,,#N/A,25/07/2023,0,,#N/A,27/07/2023,0,,#N/A,29/07/2023,0,,,31/07/2023,0,,,02/08/2023,0,,,,,,,,,,,,,,,,,,,,,,,,,,,,,,,,,,,,,,
13,3,NORTH,ğŸ‡«ğŸ‡®,58,5â€¯844,,,,03/07/2023,3â€¯433,3â€¯433,D,05/07/2023,2â€¯411,5â€¯844,D,07/07/2023,0,,,09/07/2023,0,9922,,11/07/2023,0,,,13/07/2023,0,,,15/07/2023,0,,,17/07/2023,0,,,19/07/2023,0,,,21/07/2023,0,,,23/07/2023,0,,#N/A,25/07/2023,0,,#N/A,27/07/2023,0,,#N/A,29/07/2023,0,,,31/07/2023,0,,,02/08/2023,0,,,,,,,,,,,,,,,,,,,,,,,,,,,,,,,,,,,,,,
2,3,NORway OldBoys,ğŸ‡³ğŸ‡´,59,6â€¯666,,,,03/07/2023,3â€¯342,3â€¯342,D,05/07/2023,3â€¯324,6â€¯666,V,07/07/2023,0,,,09/07/2023,0,9773,,11/07/2023,0,,,13/07/2023,0,,,15/07/2023,0,,,17/07/2023,0,,,19/07/2023,0,,,21/07/2023,0,,,23/07/2023,0,,#N/A,25/07/2023,0,,#N/A,27/07/2023,0,,#N/A,29/07/2023,0,,,31/07/2023,0,,,02/08/2023,0,,,,,,,,,,,,,,,,,,,,,,,,,,,,,,,,,,,,,,
71,3,Orient Paka,ğŸ‡µğŸ‡±,60,2â€¯636,,,,03/07/2023,712,712,V,05/07/2023,1â€¯924,2â€¯636,V,07/07/2023,0,,,09/07/2023,0,6889,,11/07/2023,0,,,13/07/2023,0,,,15/07/2023,0,,,17/07/2023,0,,,19/07/2023,0,,,21/07/2023,0,,,23/07/2023,0,,#N/A,25/07/2023,0,,#N/A,27/07/2023,0,,#N/A,29/07/2023,0,,,31/07/2023,0,,,02/08/2023,0,,,,,,,,,,,,,,,,,,,,,,,,,,,,,,,,,,,,,,
75,3,P E R S I Aâ„¢,ğŸ‡®ğŸ‡·,61,0,,,,03/07/2023,3â€¯136,3136,V,05/07/2023,-3136,,D,07/07/2023,0,,,09/07/2023,0,,,11/07/2023,0,,,13/07/2023,0,,,15/07/2023,0,,,17/07/2023,0,,,19/07/2023,0,,,21/07/2023,0,,,23/07/2023,0,,#N/A,25/07/2023,0,,#N/A,27/07/2023,0,,#N/A,29/07/2023,0,,,31/07/2023,0,,,02/08/2023,0,,,,,,,,,,,,,,,,,,,,,,,,,,,,,,,,,,,,,,
48,3,P U R E T A S,ğŸ‡ªğŸ‡¸,62,3â€¯837,,,,03/07/2023,1â€¯045,1â€¯045,D,05/07/2023,2â€¯792,3â€¯837,V,07/07/2023,0,,,09/07/2023,0,8339,,11/07/2023,0,,,13/07/2023,0,,,15/07/2023,0,,,17/07/2023,0,,,19/07/2023,0,,,21/07/2023,0,,,23/07/2023,0,,#N/A,25/07/2023,0,,#N/A,27/07/2023,0,,#N/A,29/07/2023,0,,,31/07/2023,0,,,02/08/2023,0,,,,,,,,,,,,,,,,,,,,,,,,,,,,,,,,,,,,,,
34,3,PASARGADğŸ¥‡,ğŸ‡®ğŸ‡·,63,4â€¯337,,,,03/07/2023,1â€¯384,1â€¯384,V,05/07/2023,2â€¯953,4â€¯337,D,07/07/2023,0,,,09/07/2023,0,9149,,11/07/2023,0,,,13/07/2023,0,,,15/07/2023,0,,,17/07/2023,0,,,19/07/2023,0,,,21/07/2023,0,,,23/07/2023,0,,#N/A,25/07/2023,0,,#N/A,27/07/2023,0,,#N/A,29/07/2023,0,,,31/07/2023,0,,,02/08/2023,0,,,,,,,,,,,,,,,,,,,,,,,,,,,,,,,,,,,,,,
58,3,Pelikany TP,ğŸ‡µğŸ‡±,64,3â€¯286,,,,03/07/2023,1â€¯717,1â€¯717,V,05/07/2023,1â€¯569,3â€¯286,D,07/07/2023,0,,,09/07/2023,0,7410,,11/07/2023,0,,,13/07/2023,0,,,15/07/2023,0,,,17/07/2023,0,,,19/07/2023,0,,,21/07/2023,0,,,23/07/2023,0,,#N/A,25/07/2023,0,,#N/A,27/07/2023,0,,#N/A,29/07/2023,0,,,31/07/2023,0,,,02/08/2023,0,,,,,,,,,,,,,,,,,,,,,,,,,,,,,,,,,,,,,,
75,3,PERSIAğŸ¥·,ğŸ‡®ğŸ‡·,65,0,,,,03/07/2023,1â€¯375,1375,D,05/07/2023,-1375,,D,07/07/2023,0,,,09/07/2023,0,,,11/07/2023,0,,,13/07/2023,0,,,15/07/2023,0,,,17/07/2023,0,,,19/07/2023,0,,,21/07/2023,0,,,23/07/2023,0,,#N/A,25/07/2023,0,,#N/A,27/07/2023,0,,#N/A,29/07/2023,0,,,31/07/2023,0,,,02/08/2023,0,,,,,,,,,,,,,,,,,,,,,,,,,,,,,,,,,,,,,,
15,3,PH1,ğŸ‡­ğŸ‡º,66,5â€¯628,,,,03/07/2023,3â€¯530,3â€¯530,D,05/07/2023,2â€¯098,5â€¯628,V,07/07/2023,0,,,09/07/2023,0,10717,,11/07/2023,0,,,13/07/2023,0,,,15/07/2023,0,,,17/07/2023,0,,,19/07/2023,0,,,21/07/2023,0,,,23/07/2023,0,,#N/A,25/07/2023,0,,#N/A,27/07/2023,0,,#N/A,29/07/2023,0,,,31/07/2023,0,,,02/08/2023,0,,,,,,,,,,,,,,,,,,,,,,,,,,,,,,,,,,,,,,
73,3,PH2,ğŸ‡­ğŸ‡º,67,1â€¯871,,,,03/07/2023,999,999,V,05/07/2023,872,1â€¯871,V,07/07/2023,0,,,09/07/2023,0,,,11/07/2023,0,,,13/07/2023,0,,,15/07/2023,0,,,17/07/2023,0,,,19/07/2023,0,,,21/07/2023,0,,,23/07/2023,0,,#N/A,25/07/2023,0,,#N/A,27/07/2023,0,,#N/A,29/07/2023,0,,,31/07/2023,0,,,02/08/2023,0,,,,,,,,,,,,,,,,,,,,,,,,,,,,,,,,,,,,,,
1,3,PLN Reborn,ğŸ‡µğŸ‡±,68,7â€¯518,,,,03/07/2023,4â€¯035,4â€¯035,V,05/07/2023,3â€¯483,7â€¯518,V,07/07/2023,0,,,09/07/2023,0,14360,,11/07/2023,0,,,13/07/2023,0,,,15/07/2023,0,,,17/07/2023,0,,,19/07/2023,0,,,21/07/2023,0,,,23/07/2023,0,,#N/A,25/07/2023,0,,#N/A,27/07/2023,0,,#N/A,29/07/2023,0,,,31/07/2023,0,,,02/08/2023,0,,,,,,,,,,,,,,,,,,,,,,,,,,,,,,,,,,,,,,
30,3,PORTUGAL,ğŸ‡µğŸ‡¹,69,4â€¯499,,,,03/07/2023,1â€¯485,1â€¯485,D,05/07/2023,3â€¯014,4â€¯499,V,07/07/2023,0,,,09/07/2023,0,8880,,11/07/2023,0,,,13/07/2023,0,,,15/07/2023,0,,,17/07/2023,0,,,19/07/2023,0,,,21/07/2023,0,,,23/07/2023,0,,#N/A,25/07/2023,0,,#N/A,27/07/2023,0,,#N/A,29/07/2023,0,,,31/07/2023,0,,,02/08/2023,0,,,,,,,,,,,,,,,,,,,,,,,,,,,,,,,,,,,,,,
3,3,Power Legends,ğŸ‡µğŸ‡±,70,6â€¯547,,,,03/07/2023,4â€¯313,4â€¯313,D,05/07/2023,2â€¯234,6â€¯547,V,07/07/2023,0,,,09/07/2023,0,11078,,11/07/2023,0,,,13/07/2023,0,,,15/07/2023,0,,,17/07/2023,0,,,19/07/2023,0,,,21/07/2023,0,,,23/07/2023,0,,#N/A,25/07/2023,0,,#N/A,27/07/2023,0,,#N/A,29/07/2023,0,,,31/07/2023,0,,,02/08/2023,0,,,,,,,,,,,,,,,,,,,,,,,,,,,,,,,,,,,,,,
75,3,Project GER,ğŸ‡©ğŸ‡ª,71,0,,,,03/07/2023,3â€¯673,3673,V,05/07/2023,-3673,,V,07/07/2023,0,,,09/07/2023,0,,,11/07/2023,0,,,13/07/2023,0,,,15/07/2023,0,,,17/07/2023,0,,,19/07/2023,0,,,21/07/2023,0,,,23/07/2023,0,,#N/A,25/07/2023,0,,#N/A,27/07/2023,0,,#N/A,29/07/2023,0,,,31/07/2023,0,,,02/08/2023,0,,,,,,,,,,,,,,,,,,,,,,,,,,,,,,,,,,,,,,
75,3,Project GERÂ²,ğŸ‡©ğŸ‡ª,72,0,,,,03/07/2023,2â€¯985,2985,D,05/07/2023,-2985,,D,07/07/2023,0,,,09/07/2023,0,,,11/07/2023,0,,,13/07/2023,0,,,15/07/2023,0,,,17/07/2023,0,,,19/07/2023,0,,,21/07/2023,0,,,23/07/2023,0,,#N/A,25/07/2023,0,,#N/A,27/07/2023,0,,#N/A,29/07/2023,0,,,31/07/2023,0,,,02/08/2023,0,,,,,,,,,,,,,,,,,,,,,,,,,,,,,,,,,,,,,,
75,3,Project GERÂ³,ğŸ‡©ğŸ‡ª,73,0,,,,03/07/2023,2â€¯767,2767,V,05/07/2023,-2767,,D,07/07/2023,0,,,09/07/2023,0,,,11/07/2023,0,,,13/07/2023,0,,,15/07/2023,0,,,17/07/2023,0,,,19/07/2023,0,,,21/07/2023,0,,,23/07/2023,0,,#N/A,25/07/2023,0,,#N/A,27/07/2023,0,,#N/A,29/07/2023,0,,,31/07/2023,0,,,02/08/2023,0,,,,,,,,,,,,,,,,,,,,,,,,,,,,,,,,,,,,,,
75,3,RPS âœ‚ï¸,ğŸŒ,95,0,,,,03/07/2023,2â€¯927,2927,D,05/07/2023,-2927,,D,07/07/2023,0,,,09/07/2023,0,,,11/07/2023,0,,,13/07/2023,0,,,15/07/2023,0,,,17/07/2023,0,,,19/07/2023,0,,,21/07/2023,0,,,23/07/2023,0,,#N/A,25/07/2023,0,,#N/A,27/07/2023,0,,#N/A,29/07/2023,0,,,31/07/2023,0,,,02/08/2023,0,,,,,,,,,,,,,,,,,,,,,,,,,,,,,,,,,,,,,,
75,3,RPS ğŸ§»,ğŸ‡ºğŸ‡¸,84,0,,,,03/07/2023,3â€¯994,3994,D,05/07/2023,-3994,,D,07/07/2023,0,,,09/07/2023,0,,,11/07/2023,0,,,13/07/2023,0,,,15/07/2023,0,,,17/07/2023,0,,,19/07/2023,0,,,21/07/2023,0,,,23/07/2023,0,,#N/A,25/07/2023,0,,#N/A,27/07/2023,0,,#N/A,29/07/2023,0,,,31/07/2023,0,,,02/08/2023,0,,,,,,,,,,,,,,,,,,,,,,,,,,,,,,,,,,,,,,
75,3,RPSğŸª¨,ğŸŒ,83,0,,,,03/07/2023,2â€¯119,2119,V,05/07/2023,-2119,,V,07/07/2023,0,,,09/07/2023,0,,,11/07/2023,0,,,13/07/2023,0,,,15/07/2023,0,,,17/07/2023,0,,,19/07/2023,0,,,21/07/2023,0,,,23/07/2023,0,,#N/A,25/07/2023,0,,#N/A,27/07/2023,0,,#N/A,29/07/2023,0,,,31/07/2023,0,,,02/08/2023,0,,,,,,,,,,,,,,,,,,,,,,,,,,,,,,,,,,,,,,
53,3,RR FIGHTERS ğŸŒ,ğŸ‡®ğŸ‡³,74,3â€¯582,,,,03/07/2023,289,289,V,05/07/2023,3â€¯293,3â€¯582,V,07/07/2023,0,,,09/07/2023,0,7999,,11/07/2023,0,,,13/07/2023,0,,,15/07/2023,0,,,17/07/2023,0,,,19/07/2023,0,,,21/07/2023,0,,,23/07/2023,0,,#N/A,25/07/2023,0,,#N/A,27/07/2023,0,,#N/A,29/07/2023,0,,,31/07/2023,0,,,02/08/2023,0,,,,,,,,,,,,,,,,,,,,,,,,,,,,,,,,,,,,,,
75,3,ğŸ…¡ğŸ…¤ğŸ…¢ğŸ…¢ğŸ…˜ğŸ…ğŸ‡·ğŸ‡º,ğŸ‡·ğŸ‡º,75,0,,,,03/07/2023,1â€¯880,1880,D,05/07/2023,-1880,,D,07/07/2023,0,,,09/07/2023,0,,,11/07/2023,0,,,13/07/2023,0,,,15/07/2023,0,,,17/07/2023,0,,,19/07/2023,0,,,21/07/2023,0,,,23/07/2023,0,,#N/A,25/07/2023,0,,#N/A,27/07/2023,0,,#N/A,29/07/2023,0,,,31/07/2023,0,,,02/08/2023,0,,,,,,,,,,,,,,,,,,,,,,,,,,,,,,,,,,,,,,
65,3,Russian KingsğŸ‘‘,ğŸ‡·ğŸ‡º,76,3â€¯080,,,,03/07/2023,732,732,V,05/07/2023,2â€¯348,3â€¯080,D,07/07/2023,0,,,09/07/2023,0,5638,,11/07/2023,0,,,13/07/2023,0,,,15/07/2023,0,,,17/07/2023,0,,,19/07/2023,0,,,21/07/2023,0,,,23/07/2023,0,,#N/A,25/07/2023,0,,#N/A,27/07/2023,0,,#N/A,29/07/2023,0,,,31/07/2023,0,,,02/08/2023,0,,,,,,,,,,,,,,,,,,,,,,,,,,,,,,,,,,,,,,
27,3,S R B I J A,ğŸ‡·ğŸ‡¸,77,4â€¯678,,,,03/07/2023,3â€¯648,3â€¯648,V,05/07/2023,1â€¯030,4â€¯678,V,07/07/2023,0,,,09/07/2023,0,9194,,11/07/2023,0,,,13/07/2023,0,,,15/07/2023,0,,,17/07/2023,0,,,19/07/2023,0,,,21/07/2023,0,,,23/07/2023,0,,#N/A,25/07/2023,0,,#N/A,27/07/2023,0,,#N/A,29/07/2023,0,,,31/07/2023,0,,,02/08/2023,0,,,,,,,,,,,,,,,,,,,,,,,,,,,,,,,,,,,,,,
18,3,sAUSNZges,ğŸ‡¦ğŸ‡º,78,5â€¯577,,,,03/07/2023,3â€¯109,3â€¯109,D,05/07/2023,2â€¯468,5â€¯577,V,07/07/2023,0,,,09/07/2023,0,9647,,11/07/2023,0,,,13/07/2023,0,,,15/07/2023,0,,,17/07/2023,0,,,19/07/2023,0,,,21/07/2023,0,,,23/07/2023,0,,#N/A,25/07/2023,0,,#N/A,27/07/2023,0,,#N/A,29/07/2023,0,,,31/07/2023,0,,,02/08/2023,0,,,,,,,,,,,,,,,,,,,,,,,,,,,,,,,,,,,,,,
20,3,SisuFinland,ğŸ‡«ğŸ‡®,79,5â€¯561,,,,03/07/2023,3â€¯213,3â€¯213,D,05/07/2023,2â€¯348,5â€¯561,V,07/07/2023,0,,,09/07/2023,0,7987,,11/07/2023,0,,,13/07/2023,0,,,15/07/2023,0,,,17/07/2023,0,,,19/07/2023,0,,,21/07/2023,0,,,23/07/2023,0,,#N/A,25/07/2023,0,,#N/A,27/07/2023,0,,#N/A,29/07/2023,0,,,31/07/2023,0,,,02/08/2023,0,,,,,,,,,,,,,,,,,,,,,,,,,,,,,,,,,,,,,,
38,3,SLV 5 Brigada,ğŸ‡·ğŸ‡º,80,4â€¯168,,,,03/07/2023,1â€¯385,1â€¯385,V,05/07/2023,2â€¯783,4â€¯168,D,07/07/2023,0,,,09/07/2023,0,7465,,11/07/2023,0,,,13/07/2023,0,,,15/07/2023,0,,,17/07/2023,0,,,19/07/2023,0,,,21/07/2023,0,,,23/07/2023,0,,#N/A,25/07/2023,0,,#N/A,27/07/2023,0,,#N/A,29/07/2023,0,,,31/07/2023,0,,,02/08/2023,0,,,,,,,,,,,,,,,,,,,,,,,,,,,,,,,,,,,,,,
33,3,SN ClanğŸ‡§ğŸ‡·,ğŸ‡§ğŸ‡·,81,4â€¯348,,,,03/07/2023,3â€¯094,3â€¯094,N,05/07/2023,1â€¯254,4â€¯348,V,07/07/2023,0,,,09/07/2023,0,8288,,11/07/2023,0,,,13/07/2023,0,,,15/07/2023,0,,,17/07/2023,0,,,19/07/2023,0,,,21/07/2023,0,,,23/07/2023,0,,#N/A,25/07/2023,0,,#N/A,27/07/2023,0,,#N/A,29/07/2023,0,,,31/07/2023,0,,,02/08/2023,0,,,,,,,,,,,,,,,,,,,,,,,,,,,,,,,,,,,,,,
6,3,STORMO ğŸŒŸ,ğŸŒ,82,6â€¯309,,,,03/07/2023,3â€¯478,3â€¯478,D,05/07/2023,2â€¯831,6â€¯309,V,07/07/2023,0,,,09/07/2023,0,11862,,11/07/2023,0,,,13/07/2023,0,,,15/07/2023,0,,,17/07/2023,0,,,19/07/2023,0,,,21/07/2023,0,,,23/07/2023,0,,#N/A,25/07/2023,0,,#N/A,27/07/2023,0,,#N/A,29/07/2023,0,,,31/07/2023,0,,,02/08/2023,0,,,,,,,,,,,,,,,,,,,,,,,,,,,,,,,,,,,,,,
16,3,Swedish Power,ğŸ‡¸ğŸ‡ª,85,5â€¯605,,,,03/07/2023,3â€¯036,3â€¯036,V,05/07/2023,2â€¯569,5â€¯605,D,07/07/2023,0,,,09/07/2023,0,10881,,11/07/2023,0,,,13/07/2023,0,,,15/07/2023,0,,,17/07/2023,0,,,19/07/2023,0,,,21/07/2023,0,,,23/07/2023,0,,#N/A,25/07/2023,0,,#N/A,27/07/2023,0,,#N/A,29/07/2023,0,,,31/07/2023,0,,,02/08/2023,0,,,,,,,,,,,,,,,,,,,,,,,,,,,,,,,,,,,,,,
36,3,T R Î› X I O N,ğŸ‡¸ğŸ‡®,86,4â€¯201,,,,03/07/2023,1â€¯594,1â€¯594,V,05/07/2023,2â€¯607,4â€¯201,V,07/07/2023,0,,,09/07/2023,0,7386,,11/07/2023,0,,,13/07/2023,0,,,15/07/2023,0,,,17/07/2023,0,,,19/07/2023,0,,,21/07/2023,0,,,23/07/2023,0,,#N/A,25/07/2023,0,,#N/A,27/07/2023,0,,#N/A,29/07/2023,0,,,31/07/2023,0,,,02/08/2023,0,,,,,,,,,,,,,,,,,,,,,,,,,,,,,,,,,,,,,,
50,3,TEAM ALPHAğŸ›¡ï¸,ğŸ‡µğŸ‡°,87,3â€¯698,,,,03/07/2023,1â€¯303,1â€¯303,D,05/07/2023,2â€¯395,3â€¯698,V,07/07/2023,0,,,09/07/2023,0,7798,,11/07/2023,0,,,13/07/2023,0,,,15/07/2023,0,,,17/07/2023,0,,,19/07/2023,0,,,21/07/2023,0,,,23/07/2023,0,,#N/A,25/07/2023,0,,#N/A,27/07/2023,0,,#N/A,29/07/2023,0,,,31/07/2023,0,,,02/08/2023,0,,,,,,,,,,,,,,,,,,,,,,,,,,,,,,,,,,,,,,
17,3,TEAM CHINA ğŸ‡¨ğŸ‡³,ğŸ‡¨ğŸ‡³,88,5â€¯596,,,,03/07/2023,3â€¯436,3â€¯436,D,05/07/2023,2â€¯160,5â€¯596,D,07/07/2023,0,,,09/07/2023,0,10926,,11/07/2023,0,,,13/07/2023,0,,,15/07/2023,0,,,17/07/2023,0,,,19/07/2023,0,,,21/07/2023,0,,,23/07/2023,0,,#N/A,25/07/2023,0,,#N/A,27/07/2023,0,,#N/A,29/07/2023,0,,,31/07/2023,0,,,02/08/2023,0,,,,,,,,,,,,,,,,,,,,,,,,,,,,,,,,,,,,,,
75,3,TEAM LATINOS,ğŸ‡³ğŸ‡®,89,0,,,,03/07/2023,315,315,D,05/07/2023,-315,,D,07/07/2023,0,,,09/07/2023,0,,,11/07/2023,0,,,13/07/2023,0,,,15/07/2023,0,,,17/07/2023,0,,,19/07/2023,0,,,21/07/2023,0,,,23/07/2023,0,,#N/A,25/07/2023,0,,#N/A,27/07/2023,0,,#N/A,29/07/2023,0,,,31/07/2023,0,,,02/08/2023,0,,,,,,,,,,,,,,,,,,,,,,,,,,,,,,,,,,,,,,
19,3,TIRANGA,ğŸ‡®ğŸ‡³,90,5â€¯562,,,,03/07/2023,3â€¯207,3â€¯207,D,05/07/2023,2â€¯355,5â€¯562,D,07/07/2023,0,,,09/07/2023,0,10281,,11/07/2023,0,,,13/07/2023,0,,,15/07/2023,0,,,17/07/2023,0,,,19/07/2023,0,,,21/07/2023,0,,,23/07/2023,0,,#N/A,25/07/2023,0,,#N/A,27/07/2023,0,,#N/A,29/07/2023,0,,,31/07/2023,0,,,02/08/2023,0,,,,,,,,,,,,,,,,,,,,,,,,,,,,,,,,,,,,,,
29,3,Trevans Racing,"ğŸ‡¬ğŸ‡·
",91,4â€¯516,,,,03/07/2023,1â€¯592,1â€¯592,V,05/07/2023,2â€¯924,4â€¯516,D,07/07/2023,0,,,09/07/2023,0,7920,,11/07/2023,0,,,13/07/2023,0,,,15/07/2023,0,,,17/07/2023,0,,,19/07/2023,0,,,21/07/2023,0,,,23/07/2023,0,,#N/A,25/07/2023,0,,#N/A,27/07/2023,0,,#N/A,29/07/2023,0,,,31/07/2023,0,,,02/08/2023,0,,,,,,,,,,,,,,,,,,,,,,,,,,,,,,,,,,,,,,
26,3,TÃœRKIYE ğŸ‡¹ğŸ‡·,ğŸ‡¹ğŸ‡·,92,4â€¯689,,,,03/07/2023,1â€¯627,1â€¯627,V,05/07/2023,3â€¯062,4â€¯689,D,07/07/2023,0,,,09/07/2023,0,11067,,11/07/2023,0,,,13/07/2023,0,,,15/07/2023,0,,,17/07/2023,0,,,19/07/2023,0,,,21/07/2023,0,,,23/07/2023,0,,#N/A,25/07/2023,0,,#N/A,27/07/2023,0,,#N/A,29/07/2023,0,,,31/07/2023,0,,,02/08/2023,0,,,,,,,,,,,,,,,,,,,,,,,,,,,,,,,,,,,,,,
63,3,UKRAINE!,ğŸ‡ºğŸ‡¦,93,3â€¯134,,,,03/07/2023,2â€¯181,2â€¯181,D,05/07/2023,953,3â€¯134,D,07/07/2023,0,,,09/07/2023,0,7667,,11/07/2023,0,,,13/07/2023,0,,,15/07/2023,0,,,17/07/2023,0,,,19/07/2023,0,,,21/07/2023,0,,,23/07/2023,0,,#N/A,25/07/2023,0,,#N/A,27/07/2023,0,,#N/A,29/07/2023,0,,,31/07/2023,0,,,02/08/2023,0,,,,,,,,,,,,,,,,,,,,,,,,,,,,,,,,,,,,,,
35,3,UN1TED HUNGARY,ğŸ‡­ğŸ‡º,94,4â€¯319,,,,03/07/2023,2â€¯306,2â€¯306,V,05/07/2023,2â€¯013,4â€¯319,V,07/07/2023,0,,,09/07/2023,0,9362,,11/07/2023,0,,,13/07/2023,0,,,15/07/2023,0,,,17/07/2023,0,,,19/07/2023,0,,,21/07/2023,0,,,23/07/2023,0,,#N/A,25/07/2023,0,,#N/A,27/07/2023,0,,#N/A,29/07/2023,0,,,31/07/2023,0,,,02/08/2023,0,,,,,,,,,,,,,,,,,,,,,,,,,,,,,,,,,,,,,,
42,3,UNIONCARIBEÂ¹,ğŸ‡»ğŸ‡ª,96,3â€¯955,,,,03/07/2023,1â€¯673,1â€¯673,D,05/07/2023,2â€¯282,3â€¯955,D,07/07/2023,0,,,09/07/2023,0,6943,,11/07/2023,0,,,13/07/2023,0,,,15/07/2023,0,,,17/07/2023,0,,,19/07/2023,0,,,21/07/2023,0,,,23/07/2023,0,,#N/A,25/07/2023,0,,#N/A,27/07/2023,0,,#N/A,29/07/2023,0,,,31/07/2023,0,,,02/08/2023,0,,,,,,,,,,,,,,,,,,,,,,,,,,,,,,,,,,,,,,
10,3,UNIVERSEâ„¢,ğŸŒ,97,6â€¯084,,,,03/07/2023,3â€¯801,3â€¯801,V,05/07/2023,2â€¯283,6â€¯084,D,07/07/2023,0,,,09/07/2023,0,9275,,11/07/2023,0,,,13/07/2023,0,,,15/07/2023,0,,,17/07/2023,0,,,19/07/2023,0,,,21/07/2023,0,,,23/07/2023,0,,#N/A,25/07/2023,0,,#N/A,27/07/2023,0,,#N/A,29/07/2023,0,,,31/07/2023,0,,,02/08/2023,0,,,,,,,,,,,,,,,,,,,,,,,,,,,,,,,,,,,,,,
64,3,ĞĞ»ĞºĞ¾ĞŸÑ€Ğ¾Ñ„Ğ¸,ğŸ‡·ğŸ‡º,98,3â€¯128,,,,03/07/2023,2â€¯871,2â€¯871,V,05/07/2023,257,3â€¯128,D,07/07/2023,0,,,09/07/2023,0,6763,,11/07/2023,0,,,13/07/2023,0,,,15/07/2023,0,,,17/07/2023,0,,,19/07/2023,0,,,21/07/2023,0,,,23/07/2023,0,,#N/A,25/07/2023,0,,#N/A,27/07/2023,0,,#N/A,29/07/2023,0,,,31/07/2023,0,,,02/08/2023,0,,,,,,,,,,,,,,,,,,,,,,,,,,,,,,,,,,,,,,
46,3,Ğ¡iĞ§ğŸ—UA,ğŸ‡ºğŸ‡¦,99,3â€¯888,,,,03/07/2023,1â€¯537,1â€¯537,V,05/07/2023,2â€¯351,3â€¯888,D,07/07/2023,0,,,09/07/2023,0,9351,,11/07/2023,0,,,13/07/2023,0,,,15/07/2023,0,,,17/07/2023,0,,,19/07/2023,0,,,21/07/2023,0,,,23/07/2023,0,,#N/A,25/07/2023,0,,#N/A,27/07/2023,0,,#N/A,29/07/2023,0,,,31/07/2023,0,,,02/08/2023,0,,,,,,,,,,,,,,,,,,,,,,,,,,,,,,,,,,,,,,
55,3,Ğ¨Ğ¿Ğ¸Ğ»Ğ»Ğ¸ğŸ”¥Wheelie,ğŸ‡·ğŸ‡º,100,3â€¯566,,,,03/07/2023,1â€¯796,1â€¯796,D,05/07/2023,1â€¯770,3â€¯566,D,07/07/2023,0,,,09/07/2023,0,7301,,11/07/2023,0,,,13/07/2023,0,,,15/07/2023,0,,,17/07/2023,0,,,19/07/2023,0,,,21/07/2023,0,,,23/07/2023,0,,#N/A,25/07/2023,0,,#N/A,27/07/2023,0,,#N/A,29/07/2023,0,,,31/07/2023,0,,,02/08/2023,0,,,,,,,,,,,,,,,,,,,,,,,,,,,,,,,,,,,,,,
